,Model,Precision,Recall,f1 score,Accuracy,ROC-AUC,Training time (sec)
0,XGBoost,0.9843978598890817,0.9898351955547527,0.9870749703041857,0.9899909008189263,0.9898351955547529,6.77
1,SVM (Linear),0.9867521367521368,0.9800574579172365,0.9833432931476478,0.9872611464968153,0.9800574579172364,0.04
2,SVM (RBF),0.9879051691655202,0.9789242123190462,0.9833046867539954,0.9872611464968153,0.9789242123190464,8.9
3,Logistic Regr.,0.9861081100547393,0.9644199588849036,0.9746296795044438,0.9808917197452229,0.9644199588849036,1.01
4,Gradient Boosting,0.973134239878884,0.9462256685503918,0.9586750718867507,0.9690627843494085,0.9462256685503918,14.16
5,Random Forest,0.9751610488276015,0.9422109256057596,0.9571976209154691,0.9681528662420382,0.9422109256057597,2.58
6,Decision Tree,0.9591065475872149,0.9430538710981515,0.950703308509393,0.9626933575978162,0.9430538710981515,1.29
7,KNN,0.9684428739693758,0.927609905469684,0.945718160102017,0.9599636032757052,0.9276099054696839,0.0
8,MultinomialNB,0.9352248394004283,0.7884615384615384,0.8312228628869002,0.8898999090081893,0.7884615384615384,0.01
