,Model,Precision,Recall,f1 score,Accuracy,ROC-AUC,Training time (sec)
0,XGBoost,0.9843978598890817,0.9898351955547527,0.9870749703041857,0.9899909008189263,0.9898351955547529,18.89
1,SVM (Linear),0.9867521367521368,0.9800574579172365,0.9833432931476478,0.9872611464968153,0.9800574579172364,0.1
2,SVM (RBF),0.9879051691655202,0.9789242123190462,0.9833046867539954,0.9872611464968153,0.9789242123190464,15.33
3,Logistic Regr.,0.9861081100547393,0.9644199588849036,0.9746296795044438,0.9808917197452229,0.9644199588849036,2.16
4,Random Forest,0.9816350710900474,0.9458041958041958,0.9619950983727802,0.9717925386715196,0.9458041958041958,7.06
5,Gradient Boosting,0.9725216946021817,0.94447741680214,0.9574076760303711,0.9681528662420382,0.9444774168021399,24.77
6,Decision Tree,0.9602252877681731,0.9419206254999613,0.950585887165315,0.9626933575978162,0.9419206254999614,2.92
7,KNN,0.9684428739693758,0.927609905469684,0.945718160102017,0.9599636032757052,0.9276099054696839,0.03
8,MultinomialNB,0.9352248394004283,0.7884615384615384,0.8312228628869002,0.8898999090081893,0.7884615384615384,0.02
