,Model,Precision,Recall,f1 score,Train Accuracy,Test Accuracy,Error,Loss,ROC-AUC,Train Time (s)
0,Ann without pretrained embeddings,0.9887987166584953,0.989353262642126,0.9899112030690977,0.9990900754928589,0.9918107390403748,0.8189260959625244,0.02585095725953579,0.9887987166584953,48.53
1,Cnn without pretrained embeddings,0.9865322254621147,0.9893044485319163,0.9921625525324331,1.0,0.9918107390403748,0.8189260959625244,0.03541332855820656,0.9865322254621147,54.47
2,Rnn without pretrained embeddings,0.9789242123190462,0.9833046867539954,0.9879051691655202,0.9981801509857178,0.987261176109314,1.2738823890686035,0.050759267061948776,0.9789242123190464,119.11
