Model,Precision,Recall,f1 score,Train Accuracy,Test Accuracy,Error,Loss,ROC-AUC,Train Time (s)
Cnn with GLOVE embeddings 1,0.9801886305576342,0.9732123081162138,0.9667746655518394,1.0,0.979071855545044,2.092814445495605,1.4178311824798584,0.9801886305576342,941.79
Ann with GLOVE embeddings 1,0.7289242123190462,0.7693636155841934,0.9090133702166896,0.8280254602432251,0.8571428656578064,14.28571343421936,0.2691147625446319,0.7289242123190464,862.44
Rnn with GLOVE embeddings 1,0.5,0.4252092050209204,0.3698817106460418,0.7543221116065979,0.7397634387016296,26.02365612983704,0.5753096342086792,0.5,9504.23
