Model,Precision,Recall,f1 score,Accuracy,Error,Loss,ROC-AUC
Cnn without pretrained embeddings,0.9887987166584952,0.989353262642126,0.9899112030690976,0.9918107390403748,0.8189260959625244,0.046117179095745,0.9887987166584952
Ann without pretrained embeddings,0.9874719376564396,0.9847249649049468,0.9820608349494744,0.9881710410118104,1.1828958988189695,0.0301700066775083,0.9874719376564396
Rnn without pretrained embeddings,0.9701829535777876,0.9772091495206838,0.9848202644812816,0.9827115535736084,1.7288446426391602,0.083167664706707,0.9701829535777876
