Model,Precision,Recall,f1 score,Train Accuracy,Test Accuracy,Error,Loss,ROC-AUC,Train Time (s)
Ann with word embeddings,0.9887987166584952,0.989353262642126,0.9899112030690976,0.9990900754928588,0.9918107390403748,0.8189260959625244,0.0258509572595357,0.9887987166584952,48.53
Cnn with word embeddings,0.9865322254621148,0.9893044485319163,0.9921625525324332,1.0,0.9918107390403748,0.8189260959625244,0.0354133285582065,0.9865322254621148,54.47
Rnn with word embeddings,0.9789242123190462,0.9833046867539954,0.9879051691655202,0.9981801509857178,0.987261176109314,1.2738823890686035,0.0507592670619487,0.9789242123190464,119.11
Cnn with GLOVE embeddings 1,0.9801886305576342,0.9732123081162138,0.9667746655518394,1.0,0.979071855545044,2.092814445495605,1.4178311824798584,0.9801886305576342,941.79
Ann with GLOVE embeddings 1,0.7289242123190462,0.7693636155841934,0.9090133702166896,0.8280254602432251,0.8571428656578064,14.28571343421936,0.2691147625446319,0.7289242123190464,862.44
Rnn with GLOVE embeddings 1,0.5,0.4252092050209204,0.3698817106460418,0.7543221116065979,0.7397634387016296,26.02365612983704,0.5753096342086792,0.5,9504.23
Cnn with GLOVE embeddings 2,0.970832365666314,0.9660758060069592,0.9615777046968548,0.9934030771255492,0.973612368106842,2.638763189315796,0.0890872627496719,0.970832365666314,154.95
Rnn with GLOVE embeddings 2,0.9751718146552096,0.962055750331922,0.9508381347217916,0.9733849167823792,0.9699727296829224,3.002727031707764,0.073993943631649,0.9751718146552096,4091.46
Ann with GLOVE embeddings 2,0.6572458906407246,0.685018238665972,0.8870276278183551,0.8055049777030945,0.8198361992835999,18.01638007164001,0.3641341030597687,0.6572458906407246,298.98
