,Model,Precision,Recall,f1 score,Train Accuracy,Test Accuracy,Error,Loss,ROC-AUC,Train Time (s)
0,Cnn with GLOVE embeddings,0.9801886305576342,0.9732123081162138,0.9667746655518394,1.0,0.979071855545044,2.0928144454956055,1.4178311824798584,0.9801886305576342,941.79
1,Ann with GLOVE embeddings,0.7289242123190462,0.7693636155841934,0.9090133702166897,0.8280254602432251,0.8571428656578064,14.28571343421936,0.26911476254463196,0.7289242123190464,862.44
2,Rnn with GLOVE embeddings,0.5,0.42520920502092047,0.36988171064604186,0.7543221116065979,0.7397634387016296,26.023656129837036,0.5753096342086792,0.5,9504.23
