Model,Precision,Recall,f1 score,Train Accuracy,Test Accuracy,Error,Loss,ROC-AUC,Train Time (s)
Rnn with GLOVE embeddings 2,0.962996413180915,0.9677644336532664,0.97280560752589,0.9827115535736084,0.9754322171211244,2.456778287887573,0.0572586432099342,0.9629964131809152,4142.67
Cnn with GLOVE embeddings 2,0.9601149158344732,0.9664529914529916,0.9732802477328024,0.993630588054657,0.9745222926139832,2.547770738601685,0.131297156214714,0.960114915834473,202.71
Ann with GLOVE embeddings 2,0.708463430788154,0.7460969351699844,0.8953694187507137,0.8130118250846863,0.8453139066696167,15.46860933303833,0.3412179946899414,0.708463430788154,318.35
