,Model,Precision,Recall,f1 score,Accuracy,Error,Loss,ROC-AUC
0,Cnn with GLOVE embeddings,0.9715441385183083,0.9694157590080833,0.9673394143472145,0.9763421416282654,2.365785837173462,0.271382212638855,0.9715441385183083
1,Rnn with GLOVE embeddings,0.8525318469967916,0.888219590499473,0.9506619458128078,0.9226569533348083,7.734304666519165,0.322624146938324,0.8525318469967916
2,Ann with GLOVE embeddings,0.730672464067298,0.7712469578583322,0.9095313358988455,0.8580527901649475,14.194720983505249,0.35072940587997437,0.730672464067298
