Model,Precision,Recall,f1 score,Accuracy,Error,Loss,ROC-AUC
Rnn with GLOVE embeddings,0.8617289844227114,0.8822288799511158,0.9104495456719272,0.9144676923751832,8.55323076248169,0.2239103764295578,0.8617289844227113
Ann with GLOVE embeddings,0.910071478337161,0.8860876033460966,0.869483840967217,0.907188355922699,9.281164407730104,0.2344207614660263,0.910071478337161
Cnn with GLOVE embeddings,0.8329140109582913,0.8642204101803805,0.9176837822671156,0.9053685069084167,9.463149309158323,0.2121800780296325,0.8329140109582913
