,Model,Precision,Recall,f1 score,Accuracy,Error,Loss,ROC-AUC
0,Cnn without pretrained embeddings,0.9887987166584953,0.989353262642126,0.9899112030690977,0.9918107390403748,0.8189260959625244,0.04611717909574509,0.9887987166584953
1,Ann without pretrained embeddings,0.9874719376564396,0.9847249649049468,0.9820608349494744,0.9881710410118103,1.1828958988189697,0.030170006677508354,0.9874719376564396
2,Rnn without pretrained embeddings,0.9701829535777875,0.9772091495206838,0.9848202644812815,0.9827115535736084,1.7288446426391602,0.083167664706707,0.9701829535777876
