Model,Precision,Recall,f1 score,Train Accuracy,Test Accuracy,Error,Loss,ROC-AUC,Train Time (s)
Ann with word embeddings,0.9887987166584952,0.989353262642126,0.9899112030690976,0.9990900754928588,0.9918107390403748,0.8189260959625244,0.0258509572595357,0.9887987166584952,48.53
Cnn with word embeddings,0.9865322254621148,0.9893044485319163,0.9921625525324332,1.0,0.9918107390403748,0.8189260959625244,0.0354133285582065,0.9865322254621148,54.47
Rnn with word embeddings,0.9789242123190462,0.9833046867539954,0.9879051691655202,0.9981801509857178,0.987261176109314,1.2738823890686035,0.0507592670619487,0.9789242123190464,119.11
