Model,Precision,Recall,f1 score,Train Accuracy,Test Accuracy,Error,Loss,ROC-AUC,Train Time (s)
Ann with word embeddings,0.9887987166584952,0.989353262642126,0.9899112030690976,0.9990900754928588,0.9918107390403748,0.8189260959625244,0.0258509572595357,0.9887987166584952,48.53
Cnn with word embeddings,0.9865322254621148,0.9893044485319163,0.9921625525324332,1.0,0.9918107390403748,0.8189260959625244,0.0354133285582065,0.9865322254621148,54.47
Rnn with word embeddings,0.9789242123190462,0.9833046867539954,0.9879051691655202,0.9981801509857178,0.987261176109314,1.2738823890686035,0.0507592670619487,0.9789242123190464,119.11
Cnn with GLOVE embeddings,0.9798639245133708,0.9787786855701068,0.9777067063981368,1.0,0.9836214780807496,1.6378521919250488,0.6912458539009094,0.979863924513371,942.53
Rnn with GLOVE embeddings,0.9775006666150576,0.9764207617445632,0.9753540724756816,0.9752047061920166,0.9818016290664672,1.819837093353272,0.0712736845016479,0.9775006666150576,3592.29
Rnn with GLOVE embeddings 2,0.962996413180915,0.9677644336532664,0.97280560752589,0.9827115535736084,0.9754322171211244,2.456778287887573,0.0572586432099342,0.9629964131809152,4142.67
Cnn with GLOVE embeddings 2,0.9601149158344732,0.9664529914529916,0.9732802477328024,0.993630588054657,0.9745222926139832,2.547770738601685,0.131297156214714,0.960114915834473,202.71
Ann with GLOVE embeddings,0.910914423829553,0.8809651797175866,0.8622833958973193,0.8880800604820251,0.9017288684844972,9.827113151550291,0.2561230063438415,0.910914423829553,806.91
Ann with GLOVE embeddings 2,0.708463430788154,0.7460969351699844,0.8953694187507137,0.8130118250846863,0.8453139066696167,15.46860933303833,0.3412179946899414,0.708463430788154,318.35
