Model,Precision,Recall,f1 score,Train Accuracy,Test Accuracy,Error,Loss,ROC-AUC,Train Time (s)
Cnn with GLOVE embeddings 2,0.970832365666314,0.9660758060069592,0.9615777046968548,0.9934030771255492,0.973612368106842,2.638763189315796,0.0890872627496719,0.970832365666314,154.95
Rnn with GLOVE embeddings 2,0.9751718146552096,0.962055750331922,0.9508381347217916,0.9733849167823792,0.9699727296829224,3.002727031707764,0.073993943631649,0.9751718146552096,4091.46
Ann with GLOVE embeddings 2,0.6572458906407246,0.685018238665972,0.8870276278183551,0.8055049777030945,0.8198361992835999,18.01638007164001,0.3641341030597687,0.6572458906407246,298.98
