Model,Precision,Recall,f1 score,Train Accuracy,Test Accuracy,Error,Loss,ROC-AUC,Train Time (s)
Cnn with GLOVE embeddings,0.9798639245133708,0.9787786855701068,0.9777067063981368,1.0,0.9836214780807496,1.6378521919250488,0.6912458539009094,0.979863924513371,942.53
Rnn with GLOVE embeddings,0.9775006666150576,0.9764207617445632,0.9753540724756816,0.9752047061920166,0.9818016290664672,1.819837093353272,0.0712736845016479,0.9775006666150576,3592.29
Ann with GLOVE embeddings,0.910914423829553,0.8809651797175866,0.8622833958973193,0.8880800604820251,0.9017288684844972,9.827113151550291,0.2561230063438415,0.910914423829553,806.91
